order_id,customer_id,product,category,quantity,price,date
713,C040,Keyboard,Electronics,2,2000.0,03/01/2025
553,C077,Table,Furniture,2,12500.0,2025-11-28
513,C185,Phone, Furniture ,3,30000.0,2025-02-27
766,C052,Keyboard,Electronics,5,2000.0,08/05/2025
496,,Laptop,Electronics,5,,2025-09-13
646,,Keyboard,Electronics,2,2000.0,11/29/2025
780,C164,Keyboard,Electronics,3,2000.0,2025-11-24
329,C175,Chair,Furniture,5,5000.0,2025-08-19
123,C096,Sofa,Furniture,2,,04/23/2025
488,C191,Webcam,Electronics,5,4000.0,2025-03-17
378,C073,Monitor,Electronics,5,15000.0,2025-04-01
119,C130,Webcam,Electronics ,2,4000.0,2025-06-12
203,C134,Monitor,Electronics,3,16000.0,2025-05-30
367,C184,Webcam,Electronics,2,4000.0,2025-06-18
374,C054,Laptop,Electronics,3,70500.0,2025-11-11
449,C096,Monitor,Electronics,-2,14500.0,2025-03-06
235,C063,Desk,Furniture,5,8000.0,2025-03-27
515,C049,Sofa,Furniture,2,25500.0,2025-01-08
423,C173,Sofa,Furniture,1,24500.0,09/07/2025
501,C001,Chair,Furniture,1,5000.0,2025-06-30
796,C170,Laptop,Electronics,4,71000.0,2025-08-06
558,,Headphones,Electronics,2,3000.0,2025-08-31
474,C081,Desk,Furniture,4,8500.0,2025-07-02
763,C142,Keyboard, electronics,4,2000.0,2025-11-10
480,C009,Monitor,Electronics,3,15000.0,2025-08-23
631,C006,Phone,Elec,4,30000.0,2025-12-05
198,C053,Laptop,Electronics,3,71000.0,2025-07-03
748,C137,Chair,Furniture,3,5000.0,2025-11-21
319,C023,Desk,Furniture,3,,2025-11-11
107,C007,Monitor,Electronics,5,15000.0,2025-01-23
430,C045,Keyboard, Furniture ,1,2000.0,2025-10-26
257,C061,Laptop,Electronics,2,70000.0,2025-10-21
638,C001,Phone,Electronics,2,30500.0,2025-09-03
170,C025,Chair,Furniture,4,5000.0,04/30/2025
271,C093,Headphones,Electronics,1,3000.0,2025-02-04
600,C134,Sofa,Furniture,-2,25500.0,2025-05-28
762,C079,Laptop,Electronics,1,70000.0,2025-01-17
768,C182,Sofa,Furniture,1,25000.0,2025-05-23
753,C053,Table,Furniture,2,11500.0,2025-01-03
108,C102,Laptop,Electronics,4,71000.0,2025-03-10
351,C085,Table,Furniture,4,12500.0,2025-03-10
257,C061,Laptop,Electronics,2,70000.0,2025-10-21
489,C015,Phone,Electronics,2,30000.0,2025-05-26
413,C120,Phone,Electronics,5,31000.0,2025-04-11
561,C165,Chair,Furniture,2,5000.0,2025-03-17
534,C120,Table,Furniture,3,13000.0,2025-11-29
244,C111,Phone,Electronics,2,30500.0,2025-04-11
331,C020,Desk,Furniture,2,8000.0,2025-02-22
504,C125,Keyboard,Electronics,5,2000.0,2025-10-13
707,C074,Keyboard,Electronics,-4,2000.0,2025-01-19
437,C040,Sofa,Furniture,4,25500.0,2025-10-22
121,C119,Keyboard,Electronics,2,2000.0,2025-04-03
615,C060,Monitor,Electronics,4,15500.0,2025-01-17
793,C004,Headphones,Electronics,1,3000.0,08/17/2025
503,C162,Monitor,Electronics,4,15000.0,2025-10-19
188,C093,Phone, electronics,4,30000.0,2025-02-16
671,C182,Mouse,Electronics,3,1000.0,2025-11-28
540,C069,Sofa,Furniture,1,25000.0,2025-06-28
559,C070,Mouse,Electronics,5,1000.0,2025-03-11
416,C069,Monitor,Electronics,2,16000.0,2025-07-10
618,C007,Mouse,Electronics,5,1000.0,2025-09-09
424,C130,Phone,Electronics,5,30000.0,2025-10-04
586,C180,Webcam,Electronics,5,4000.0,2025-04-15
473,C175,Laptop,Electronics,3,,2025-08-03
506,C043,Keyboard,Electronics,5,2000.0,2025-07-26
657,C162,Laptop,Electronics,5,70500.0,2025-07-26
115,C139,Phone,Electronics,5,29500.0,2025-07-02
701,C164,Webcam,Electronics,4,4000.0,2025-06-30
159,C012,Chair,Furniture,3,5000.0,2025-11-02
432,C098,Monitor,Electronics,3,15000.0,2025-07-16
759,C077,Keyboard,Electronics,4,2000.0,06/10/2025
334,C116,Headphones,Electronics,1,3000.0,2025-02-16
393,C117,Chair,Furniture,4,5000.0,2025-09-05
204,C117,Headphones,Electronics,4,675084.0,2025-12-24
350,C086,Mouse,Electronics,5,1000.0,2025-12-04
800,C107,Sofa,Furniture,5,26000.0,2025-07-28
165,C192,Phone, electronics,1,29500.0,2025-05-08
651,C121,Monitor,Electronics,1,15500.0,2025-01-02
113,C098,Desk,Furniture,1,9000.0,2025-10-10
221,C170,Table,Furniture,2,13000.0,2025-01-10
498,C014,Desk,Furniture,3,7500.0,2025-03-31
487,C021,Table,Furniture,4,12500.0,2025-03-02
359,C145,Webcam, electronics,3,745961.0,01/07/2025
790,C073,Sofa,Furniture,2,25500.0,2025-08-16
284,C048,Mouse,Electronics,5,1000.0,02/12/2025
162,C060,Phone,Electronics,5,31000.0,2025-11-19
406,C048,Phone,Electronics,5,30000.0,2025-03-24
206,C188,Headphones, electronics,3,3000.0,2025-03-15
280,C187,Webcam,furnitur,4,4000.0,2025-03-30
401,C093,Monitor,Electronics,1,15000.0,2025-03-17
699,C119,Mouse,Electronics,1,1000.0,07/25/2025
316,C161,Phone,Electronics,4,30500.0,06/15/2025
592,C056,Chair,Furniture,5,5000.0,02/26/2025
676,C191,Chair,Furniture,4,5000.0,2025-04-17
341,C137,Mouse,Electronics,1,1000.0,2025-06-16
556,C103,Webcam,Electronics,2,4000.0,2025-07-03
264,C017,Phone,Electronics,4,29500.0,09/14/2025
260,C134,Laptop,Electronics,3,70500.0,2025-03-05
174,C200,Monitor,Electronics,3,15000.0,11/12/2025
305,C168,Desk,Furniture,1,8500.0,2025-06-03
706,C124,Desk,Furniture,5,7500.0,2025-03-03
674,C142,Desk,Furniture,4,8500.0,02/15/2025
536,C122,Phone,Electronics,3,,08/25/2025
643,C103,Desk,Furniture,4,7500.0,2025-04-19
784,C091,Webcam,Electronics,4,4000.0,2025-11-02
144,C057,Laptop,Electronics,5,69500.0,10/17/2025
452,C126,Desk,Furniture,5,9000.0,2025-08-15
672,C196,Keyboard,Electronics,3,2000.0,2025-10-18
223,C121,Phone,Electronics,3,628195.0,2025-08-04
477,C125,Sofa,Furniture,5,24500.0,2025-11-05
186,C125,Phone,Electronics,4,30000.0,2025-09-25
208,C138,Headphones,Electronics,2,3000.0,2025-06-01
304,C053,Laptop,Electronics,2,70500.0,2025-03-21
607,C016,Desk,Furniture,4,8500.0,2025-05-15
681,C054,Chair,Furniture,2,5000.0,2025-11-20
603,,Headphones,Electronics,3,3000.0,2025-10-06
311,C075,Desk,Furniture,4,8500.0,12/23/2025
590,C051,Table,Furniture,4,13000.0,2025-08-29
444,C021,Table,Furniture,2,12000.0,2025-01-22
263,C059,Phone,Electronics,2,,2025-12-07
301,C108,Sofa,Furniture,4,25500.0,04/22/2025
450,C067,Table,Furniture,4,13000.0,2025-06-13
425,C136,Laptop,Electronics,5,70500.0,2025-10-14
797,,Headphones,Electronics,5,3000.0,2025-03-13
727,C004,Headphones,Electronics,5,3000.0,2025-11-10
613,C010,Table,Furniture,2,12000.0,2025-05-19
417,C136,Phone,Electronics,1,30500.0,2025-10-31
182,C170,Headphones,Electronics,4,3000.0,2025-03-31
710,C173,Chair,Furniture,4,5000.0,2025-03-11
597,C199,Phone,Electronics,5,,2025-05-26
774,C038,Sofa,Furniture,2,24500.0,2025-06-09
683,C039,Laptop,Electronics,4,70500.0,2025-01-09
616,C011,Desk,Furniture,2,8000.0,12/13/2025
711,C022,Webcam,Electronics,4,4000.0,10/22/2025
529,C047,Sofa,Furniture,3,25000.0,2025-04-22
478,C100,Desk,Furniture,3,8000.0,07/08/2025
142,C060,Phone,Electronics,5,30000.0,2025-12-16
149,C074,Headphones,Electronics,3,3000.0,2025-12-10
608,C161,Keyboard,Electronics,4,2000.0,2025-07-13
749,C004,Chair,Furniture,4,5000.0,09/16/2025
471,C180,Laptop,Electronics,2,70000.0,2025-01-17
721,C133,Mouse,Electronics ,1,1000.0,2025-11-06
582,C108,Desk,Furniture,4,7500.0,2025-11-07
390,C003,Chair,Furniture,2,5000.0,2025-07-11
621,C134,Table,Furniture,2,12000.0,2025-08-08
422,C056,Table,Furniture,3,11500.0,2025-07-02
566,C010,Mouse,Electronics,2,1000.0,2025-09-13
702,C085,Keyboard,Electronics,1,2000.0,2025-06-30
105,C002,Sofa,Furniture,1,26000.0,2025-07-28
737,C159,Laptop,Electronics,4,71000.0,2025-11-12
690,C158,Phone,Electronics,-1,31000.0,2025-11-15
756,C068,Chair,Furniture,1,5000.0,2025-01-14
642,C054,Webcam,Electronics,4,4000.0,2025-08-15
323,C132,Chair,Furniture,5,5000.0,2025-06-25
447,C143,Webcam,Electronics,2,4000.0,2025-06-12
472,C160,Table,Furniture,4,12000.0,2025-02-23
131,C158,Headphones,Electronics,5,3000.0,2025-12-09
733,C081,Keyboard,Electronics,5,2000.0,2025-08-12
386,C110,Keyboard,Electronics,2,2000.0,2025-12-02
719,C078,Mouse,Electronics,4,1000.0,01/09/2025
429,C018,Headphones,Electronics,3,,2025-12-09
403,C180,Table,Furniture,2,12500.0,2025-07-21
111,C078,Table,Furniture,3,12000.0,2025-06-25
715,C189,Laptop,Electronics,-3,71000.0,2025-05-18
675,C051,Phone,Electronics,4,29500.0,2025-07-05
264,C017,Phone,Electronics,4,29500.0,09/14/2025
562,C036,Headphones,Electronics,3,3000.0,2025-01-31
148,C074,Sofa,Furniture,1,25000.0,12/08/2025
687,C054,Chair,Furniture,2,5000.0,2025-01-24
348,,Table,Furniture,3,12500.0,2025-02-15
408,C189,Table,Furniture,3,12500.0,2025-07-22
291,C110,Headphones,Electronics,2,,2025-04-19
308,C181,Monitor,furnitur,3,16000.0,2025-12-15
124,C187,Webcam,Electronics,5,4000.0,2025-09-26
418,C164,Mouse,Electronics,3,1000.0,2025-08-28
415,C024,Monitor,Electronics,4,16000.0,2025-07-11
138,C199,Keyboard,Electronics,4,2000.0,2025-05-17
103,C154,Headphones,Electronics,3,3000.0,2025-10-16
599,,Mouse,Electronics,3,1000.0,2025-05-24
782,C111,Keyboard,Electronics,5,817214.0,06/26/2025
596,C124,Monitor,Electronics,3,15500.0,2025-01-22
337,C145,Keyboard,Electronics,5,2000.0,2025-08-04
669,C158,Sofa,Furniture,2,25000.0,2025-11-24
752,C163,Sofa,Furniture,1,26000.0,2025-07-11
475,C030,Mouse,Electronics,3,1000.0,11/17/2025
730,C112,Chair,Furniture,5,5000.0,2025-09-10
492,C147,Sofa,Furniture,3,26000.0,2025-11-14
180,C008,Chair,Furniture,3,5000.0,10/11/2025
109,C023,Chair,Furniture,5,5000.0,2025-12-15
398,C097,Mouse,Electronics,5,1000.0,2025-11-23
799,C097,Desk,Furniture,-4,8500.0,2025-05-16
527,C151,Phone,Electronics,4,29500.0,2025-05-03
130,C026,Phone,Electronics,4,30000.0,2025-08-21
104,C120,Sofa,Furniture,3,26000.0,2025-05-03
563,C028,Table,Furniture,5,11500.0,2025-10-22
688,C049,Phone,Electronics,1,969295.0,2025-12-15
551,C163,Sofa,Furniture,2,25500.0,2025-05-22
546,,Laptop,Electronics,5,69500.0,01/14/2025
662,C046,Mouse,Electronics,-4,1000.0,2025-11-28
595,C198,Phone,Electronics,5,30500.0,2025-05-03
346,,Laptop,Electronics,2,70000.0,2025-01-23
306,C119,Headphones,Electronics,5,3000.0,02/07/2025
470,C116,Monitor,Electronics,1,15500.0,2025-05-05
530,C012,Headphones,Electronics,5,3000.0,2025-02-04
262,C137,Monitor,Electronics,5,15000.0,2025-08-20
576,C031,Monitor,Electronics,1,14500.0,2025-07-05
318,C004,Monitor,Electronics,3,15500.0,2025-07-20
389,C033,Laptop, Furniture ,2,69500.0,2025-02-25
404,C166,Sofa,Furniture,2,26000.0,2025-04-24
557,,Chair,Furniture,3,5000.0,2025-03-11
773,C029,Phone,Electronics,5,30500.0,2025-12-23
241,C064,Table,Furniture,3,12500.0,2025-07-13
164,C133,Table,Furniture,5,13000.0,07/25/2025
541,C093,Desk,Furniture,4,7500.0,2025-11-16
155,C192,Monitor,furnitur,3,14500.0,2025-02-18
726,C084,Keyboard,Electronics,3,2000.0,2025-04-09
163,C102,Table,Furniture,5,12000.0,2025-01-13
222,C131,Webcam,Electronics,1,4000.0,2025-01-09
570,C107,Keyboard,Electronics,1,2000.0,2025-01-12
156,C160,Sofa,Furniture,1,25500.0,2025-01-12
457,C160,Laptop,Electronics,4,70000.0,2025-03-23
135,C137,Desk,Furniture,3,9000.0,2025-01-01
412,C136,Webcam,Electronics,4,4000.0,2025-06-24
157,C125,Sofa,Furniture,2,25500.0,2025-04-29
218,C029,Headphones,Electronics,2,3000.0,12/21/2025
446,C179,Monitor,Electronics,2,14500.0,2025-06-02
653,C161,Keyboard,Electronics,3,2000.0,2025-05-29
332,C054,Webcam, Furniture ,1,4000.0,2025-03-22
184,C094,Desk,Furniture,2,8500.0,05/15/2025
684,C008,Mouse,Electronics,3,1000.0,04/17/2025
722,C143,Monitor,Electronics,1,15000.0,2025-01-04
205,C004,Laptop,Electronics,2,70500.0,2025-11-22
179,C056,Monitor,Electronics,5,15000.0,03/04/2025
364,C046,Phone,Elec,-1,31000.0,06/18/2025
439,C016,Desk, electronics,2,8000.0,07/05/2025
612,C170,Desk,Electronics ,4,7500.0,2025-04-22
630,C165,Chair,Electronics ,5,5000.0,2025-09-07
199,C091,Table,Furniture,3,12000.0,2025-06-06
255,C041,Webcam,Electronics,3,4000.0,2025-01-08
579,C200,Keyboard,Furniture,4,2000.0,2025-11-26
302,C073,Chair,Furniture,1,5000.0,2025-07-22
343,C182,Table,Furniture,1,12000.0,2025-04-02
154,C040,Phone,Electronics,4,29500.0,2025-03-25
321,C123,Table,Furniture,5,12000.0,2025-11-17
507,,Keyboard,Electronics,4,2000.0,2025-08-22
325,C017,Webcam,Electronics,2,4000.0,2025-12-14
526,C122,Table, electronics,1,13000.0,11/19/2025
770,C175,Chair,Furniture,5,5000.0,10/31/2025
373,C040,Monitor,Electronics,5,15000.0,2025-03-09
728,C016,Chair,Furniture,2,970496.0,2025-06-17
209,C154,Headphones,Electronics,4,3000.0,2025-09-18
171,C124,Monitor,Electronics,1,16000.0,2025-03-19
633,C093,Phone,Electronics,3,29500.0,12/05/2025
214,C101,Webcam,Electronics,4,4000.0,2025-12-12
293,C112,Monitor,Electronics,1,16000.0,2025-03-07
344,C189,Webcam,Electronics,3,4000.0,2025-08-26
377,,Sofa,Furniture,2,25000.0,06/03/2025
740,C175,Table,Furniture,1,12500.0,07/06/2025
673,C026,Chair,Furniture,3,5000.0,2025-12-01
215,C149,Desk,Furniture,4,9000.0,2025-06-20
587,,Sofa,Furniture,2,25000.0,06/17/2025
352,C068,Keyboard,Electronics,4,2000.0,2025-01-22
619,C105,Mouse,Electronics,2,,2025-02-26
786,C130,Webcam,Electronics,5,4000.0,2025-06-01
387,C090,Table,Furniture,1,11500.0,04/20/2025
327,C181,Phone,Electronics,5,30000.0,2025-07-07
655,C127,Monitor,Electronics,2,15000.0,2025-01-25
217,,Table,Furniture,2,12500.0,2025-07-09
550,C107,Headphones,Electronics,4,3000.0,2025-05-29
362,C167,Keyboard,Electronics,1,2000.0,2025-06-24
139,C156,Table,Furniture,5,12500.0,2025-04-04
505,C154,Headphones,furnitur,1,3000.0,2025-12-01
202,C086,Desk,Furniture,2,9000.0,2025-06-12
634,C109,Desk,Furniture,5,7500.0,2025-03-13
297,C124,Table,Furniture,3,11500.0,2025-01-30
537,C173,Headphones,Electronics,4,3000.0,2025-08-09
118,C042,Chair,Furniture,3,5000.0,2025-05-04
455,C134,Monitor,Electronics,1,14500.0,2025-09-29
481,C158,Table, Furniture ,2,12000.0,2025-03-20
365,C162,Laptop,Electronics,3,69500.0,2025-06-01
626,C195,Laptop,Electronics,1,70000.0,2025-11-03
499,C149,Laptop,Electronics,2,69500.0,2025-08-24
310,C148,Chair,Furniture,5,5000.0,2025-12-05
482,,Mouse,Electronics,1,1000.0,2025-11-04
564,C069,Keyboard,Electronics,-5,716016.0,2025-07-18
679,C127,Mouse,Electronics,5,1000.0,2025-02-26
485,C167,Laptop,Electronics,5,71000.0,2025-12-19
367,C184,Webcam,Electronics,2,4000.0,2025-06-18
605,C057,Phone,Electronics,1,30500.0,2025-06-20
628,C153,Desk,Furniture,1,9000.0,2025-08-28
333,C045,Desk,Furniture,5,8000.0,2025-12-05
731,C062,Phone,Electronics,4,31000.0,2025-08-12
141,C154,Table,Furniture,1,12500.0,2025-10-30
355,,Laptop,Electronics,1,70000.0,2025-09-11
335,C197,Mouse,Electronics,5,1000.0,2025-01-21
521,C173,Laptop,Electronics,1,70500.0,2025-09-27
283,C037,Headphones,Electronics,3,3000.0,2025-04-27
314,C133,Mouse,Electronics,3,1000.0,2025-10-24
213,C045,Mouse,Electronics,1,1000.0,2025-10-13
369,C171,Chair,Furniture,2,5000.0,2025-04-16
366,C069,Keyboard,furnitur,1,2000.0,2025-09-08
166,C063,Phone,Electronics,3,30500.0,2025-04-17
192,C138,Monitor,Electronics,3,16000.0,2025-10-16
654,C195,Sofa,Furniture,3,25000.0,2025-03-05
110,C027,Mouse,Furniture,5,1000.0,2025-08-17
685,C181,Chair,Furniture,3,5000.0,02/08/2025
228,C056,Table,Furniture,3,11500.0,2025-05-17
732,C016,Phone,Electronics,-4,30500.0,04/26/2025
388,C191,Table,Furniture,1,12000.0,02/19/2025
307,C094,Monitor,Electronics,3,15000.0,2025-10-19
402,C065,Headphones,Electronics,4,3000.0,02/26/2025
285,C065,Keyboard,Electronics,1,2000.0,2025-12-22
789,C155,Keyboard,Electronics,5,2000.0,2025-03-02
282,C101,Chair,Furniture,3,,2025-11-16
133,C034,Table,Furniture,4,11500.0,2025-12-22
243,C155,Table,Furniture,1,12000.0,12/26/2025
775,C071,Chair,Furniture,1,5000.0,2025-05-21
606,C184,Phone,Electronics ,-2,30500.0,2025-08-26
723,C094,Chair,Furniture,5,5000.0,2025-02-23
544,C148,Phone, Furniture ,4,31000.0,10/02/2025
744,,Monitor,Electronics,1,,2025-01-03
573,C185,Monitor,Electronics,4,15500.0,2025-02-28
258,C014,Mouse,Electronics,3,1000.0,2025-05-23
611,C089,Table,Furniture,4,12000.0,01/16/2025
486,,Monitor,Electronics,1,15500.0,2025-03-17
569,C194,Monitor,Electronics,1,15000.0,2025-05-18
250,C139,Keyboard,Electronics,1,2000.0,2025-06-01
279,C137,Chair,Elec,3,5000.0,2025-02-12
409,C023,Phone,Electronics,4,,2025-01-04
183,C016,Mouse, electronics,3,,10/24/2025
298,C195,Webcam,Electronics,1,4000.0,2025-06-13
211,C148,Webcam,Electronics,5,4000.0,2025-09-26
698,C018,Table,Furniture,1,13000.0,2025-12-20
778,C067,Monitor,Electronics,4,15000.0,2025-08-19
543,C170,Desk,Furniture,4,7500.0,2025-12-25
256,C147,Chair,Furniture,5,5000.0,2025-11-27
442,C132,Keyboard,Electronics,4,2000.0,2025-06-09
464,C167,Monitor,Electronics ,2,15000.0,03/30/2025
552,C121,Headphones,Electronics,1,3000.0,2025-10-24
160,C133,Laptop,Electronics,2,71000.0,2025-06-05
604,C196,Mouse,Electronics,2,,2025-04-02
392,C047,Monitor,Electronics,1,15000.0,2025-12-03
792,C172,Laptop,Electronics,3,70000.0,2025-12-15
525,C009,Table,Furniture,3,,2025-12-02
338,C129,Mouse,Electronics,1,1000.0,2025-01-05
694,C032,Keyboard,Electronics,4,2000.0,2025-04-06
234,C054,Phone,Electronics,2,30000.0,2025-11-04
381,C135,Headphones,Electronics,3,3000.0,2025-09-26
739,C176,Desk,Furniture,3,9000.0,2025-05-04
240,C083,Table,furnitur,-1,,04/09/2025
177,C169,Headphones,Electronics,3,3000.0,2025-01-02
573,C185,Monitor,Electronics,4,15500.0,2025-02-28
661,C049,Keyboard,Electronics,4,2000.0,03/04/2025
168,C134,Webcam,Electronics,2,4000.0,11/14/2025
516,C002,Table,Furniture,3,12000.0,10/12/2025
641,C035,Table,Furniture,3,11500.0,2025-05-16
270,C093,Table,Furniture,5,13000.0,05/03/2025
382,C052,Table,Furniture,1,11500.0,03/13/2025
427,C001,Table,Furniture,2,13000.0,07/27/2025
500,C070,Sofa, Furniture ,4,25000.0,2025-02-19
167,C095,Desk,Furniture,4,,2025-06-26
538,C171,Webcam,Electronics,2,4000.0,2025-04-02
175,C178,Desk,Furniture,4,9000.0,2025-08-13
640,C066,Chair,Furniture,5,5000.0,2025-01-28
454,C172,Sofa,Furniture,1,25500.0,04/17/2025
491,C166,Monitor,Electronics,3,15500.0,2025-11-09
777,C050,Desk,Furniture,-2,9000.0,01/19/2025
465,C067,Webcam,Electronics,2,4000.0,2025-01-27
511,C134,Phone,Electronics,2,29500.0,2025-01-15
299,C110,Phone,furnitur,3,30000.0,2025-09-05
624,C009,Chair,Furniture,5,5000.0,2025-08-10
140,C110,Table,Furniture,2,13000.0,2025-02-03
704,C088,Monitor,Electronics,4,15000.0,2025-02-27
639,C186,Webcam,Electronics,3,4000.0,04/29/2025
395,C168,Mouse,Electronics,4,1000.0,2025-01-04
575,C132,Monitor,Electronics ,4,16000.0,2025-08-29
274,C031,Table,Furniture,5,11500.0,2025-05-06
349,C188,Table,Furniture,5,11500.0,07/05/2025
548,C016,Headphones,Electronics,2,3000.0,2025-12-24
689,C163,Sofa,Furniture,1,25500.0,2025-04-02
436,C074,Laptop,Electronics,5,69500.0,2025-07-20
207,C011,Phone,Electronics,2,,2025-01-22
428,C200,Laptop,Electronics,5,70000.0,2025-05-30
114,C147,Table,Furniture,2,12000.0,2025-03-28
275,C145,Chair,Furniture,4,5000.0,2025-11-07
535,C130,Mouse,Electronics,4,1000.0,01/31/2025
614,C063,Table,Furniture,3,12000.0,08/17/2025
330,C194,Headphones,Electronics,3,3000.0,12/09/2025
686,C146,Chair,Furniture,3,5000.0,2025-05-01
695,,Laptop,Electronics,4,70500.0,2025-05-04
266,C007,Phone,Electronics,1,31000.0,2025-07-15
399,C171,Laptop,Electronics,3,69500.0,2025-11-30
568,C139,Headphones,Electronics,4,3000.0,2025-09-24
542,C027,Table,Furniture,4,12500.0,08/11/2025
678,C199,Mouse,furnitur,5,1000.0,2025-04-10
315,C086,Sofa,Furniture,5,25500.0,2025-12-26
125,C056,Headphones,Electronics,4,3000.0,2025-04-23
116,C131,Keyboard,Electronics,4,2000.0,05/20/2025
126,C187,Table,furnitur,2,13000.0,2025-05-11
309,C146,Headphones,Electronics ,2,3000.0,2025-10-27
328,C101,Mouse,Electronics,4,1000.0,12/16/2025
276,C023,Monitor,Electronics,4,14500.0,2025-12-09
652,C012,Webcam,Electronics,1,4000.0,2025-06-03
271,C093,Headphones,Electronics,1,3000.0,2025-02-04
151,C138,Chair,Furniture,3,5000.0,2025-01-10
745,C123,Webcam,Electronics,4,4000.0,2025-01-13
783,C143,Table,Furniture,4,13000.0,2025-08-10
278,C195,Sofa,Furniture,-4,25500.0,2025-11-24
197,C195,Headphones,Electronics,1,3000.0,2025-03-04
469,,Keyboard,Electronics,5,2000.0,2025-02-20
667,C160,Keyboard,Electronics,3,2000.0,07/06/2025
589,C093,Mouse,Electronics,5,1000.0,2025-06-28
122,C091,Webcam,Electronics,4,4000.0,2025-09-19
502,C103,Keyboard,Electronics,4,2000.0,2025-02-08
494,,Monitor,Elec,3,15500.0,2025-10-03
666,C198,Mouse,Electronics,1,1000.0,2025-03-02
738,C080,Webcam,Electronics,3,4000.0,2025-02-27
434,C056,Keyboard, Furniture ,4,2000.0,2025-05-02
741,C103,Monitor,Electronics,3,937024.0,2025-12-20
195,C178,Table,Furniture,5,13000.0,2025-03-24
514,C156,Phone,Electronics,4,29500.0,2025-08-11
627,,Headphones,Electronics ,2,3000.0,2025-06-09
189,C137,Mouse, Furniture ,2,1000.0,2025-11-16
572,C084,Chair,Furniture,5,5000.0,2025-01-01
479,C129,Desk,Furniture,5,8000.0,2025-06-29
547,C187,Chair,Furniture,4,5000.0,2025-03-16
760,C140,Sofa,Furniture,1,25500.0,04/30/2025
383,C118,Mouse,Electronics,2,1000.0,2025-04-10
700,C179,Keyboard,Electronics,4,2000.0,2025-12-11
484,C178,Mouse,Electronics,1,1000.0,01/22/2025
410,C088,Monitor,Electronics,3,15500.0,2025-08-09
720,C183,Laptop,Electronics,3,69500.0,11/15/2025
717,C126,Table,Furniture,3,13000.0,2025-10-01
286,C119,Monitor,Electronics,1,15000.0,2025-04-03
571,C125,Keyboard,Electronics,4,2000.0,2025-12-24
676,C191,Chair,Furniture,4,5000.0,2025-04-17
659,,Headphones,Electronics,3,3000.0,2025-01-29
493,,Mouse,Electronics,1,1000.0,2025-03-22
456,C010,Phone,Electronics,5,30500.0,2025-07-27
376,C062,Headphones,Electronics,2,3000.0,2025-09-10
172,C071,Mouse,Electronics,1,1000.0,2025-07-22
617,C058,Table,Furniture,5,12000.0,01/04/2025
320,C092,Webcam,Electronics,3,4000.0,2025-01-29
433,C181,Headphones,Electronics,3,3000.0,07/27/2025
593,C101,Monitor,Electronics,2,15500.0,2025-08-01
169,C110,Laptop,Electronics,1,71000.0,2025-09-21
303,C044,Chair,Furniture,4,5000.0,2025-05-17
577,C121,Keyboard,Electronics,4,2000.0,2025-09-12
791,C153,Desk,Furniture,2,8500.0,01/09/2025
281,C025,Laptop,Electronics,5,70500.0,2025-07-19
648,,Monitor,Electronics,2,14500.0,08/24/2025
227,C126,Table,Furniture,2,11500.0,2025-12-23
650,C134,Webcam,Electronics,3,4000.0,2025-07-24
598,C075,Monitor,Furniture,3,16000.0,2025-02-27
588,C081,Sofa,furnitur,2,26000.0,2025-06-29
421,C046,Laptop,Electronics,2,69500.0,2025-08-26
145,C123,Monitor,Electronics,1,15500.0,2025-04-14
263,C059,Phone,Electronics,2,,2025-12-07
375,C057,Laptop,Electronics,1,69500.0,2025-07-18
230,C180,Laptop,Electronics,5,70000.0,2025-09-12
137,C079,Headphones,Electronics,2,3000.0,2025-02-10
312,C199,Sofa,Furniture,3,26000.0,2025-04-28
764,C014,Chair,Furniture,0,5000.0,2025-06-01
295,C114,Chair,Furniture,4,5000.0,2025-02-15
716,C200,Monitor,Electronics,4,15000.0,2025-04-02
468,C091,Keyboard,Electronics,2,2000.0,2025-04-20
594,C149,Sofa,Furniture,5,25000.0,2025-09-20
290,C142,Chair,Furniture,5,5000.0,09/11/2025
267,C110,Webcam,Electronics,3,4000.0,2025-08-16
601,C186,Chair,Elec,1,5000.0,2025-01-24
289,C086,Chair,Furniture,4,5000.0,2025-02-17
371,C096,Chair,Electronics ,1,5000.0,2025-12-20
336,C171,Sofa,Furniture,5,26000.0,2025-03-10
794,C127,Chair,Furniture,3,5000.0,2025-03-23
173,C096,Desk,Furniture,4,8000.0,10/13/2025
396,C051,Sofa,Furniture,3,25000.0,2025-09-07
779,C159,Mouse,Electronics,1,1000.0,2025-02-16
161,,Sofa,Furniture,2,25500.0,2025-01-02
724,C071,Table,Furniture,3,11500.0,2025-08-23
225,C089,Monitor,Electronics,4,16000.0,2025-08-03
353,C012,Phone,Electronics,1,30500.0,01/18/2025
767,C013,Laptop,Electronics,2,70500.0,08/25/2025
623,C039,Laptop, Furniture ,4,69500.0,2025-09-23
239,C161,Desk,Furniture,2,9000.0,2025-09-19
273,,Desk,Furniture,4,9000.0,2025-04-27
361,C024,Webcam,Electronics,5,4000.0,2025-12-01
581,C129,Webcam,Electronics,5,4000.0,2025-03-09
567,C156,Mouse,Electronics,5,1000.0,2025-05-04
300,C062,Laptop, Furniture ,4,69500.0,2025-12-11
363,C124,Laptop,Electronics,1,70500.0,2025-02-20
226,C072,Mouse,Electronics,2,1000.0,2025-11-30
545,C080,Table,Furniture,1,12500.0,2025-10-19
665,C089,Sofa,Furniture,1,25500.0,06/24/2025
519,C051,Table,Furniture,1,12000.0,2025-01-22
736,C155,Keyboard,Electronics,5,2000.0,2025-12-18
620,C039,Laptop,Electronics,3,929955.0,2025-11-30
520,C091,Headphones,Electronics,2,3000.0,2025-10-24
360,C024,Laptop,Electronics,4,70000.0,2025-09-06
510,C145,Monitor,Electronics,5,16000.0,2025-10-05
663,,Table,Furniture,5,12500.0,2025-01-24
495,C038,Monitor,Electronics,3,15000.0,2025-01-28
405,C187,Desk,Furniture,3,8500.0,2025-01-04
497,C052,Webcam,Electronics,5,4000.0,2025-11-19
677,C189,Chair,Furniture,5,5000.0,2025-02-23
397,C152,Monitor,Electronics,1,16000.0,2025-08-17
216,C129,Headphones,Electronics,4,3000.0,2025-01-25
747,C001,Phone,Electronics,2,31000.0,2025-04-18
522,C156,Phone,Electronics,2,29500.0,05/23/2025
742,C147,Mouse,Electronics,1,1000.0,2025-08-11
229,C013,Mouse,Electronics,4,1000.0,07/17/2025
190,C077,Webcam,Electronics,4,4000.0,2025-08-01
580,C132,Desk,Furniture,4,7500.0,2025-01-17
340,C186,Desk,Furniture,3,997235.0,2025-04-19
583,C052,Chair,Furniture,-1,5000.0,2025-05-07
120,C183,Table,Furniture,2,12000.0,2025-06-12
656,C105,Table,Furniture,0,12500.0,08/29/2025
236,C169,Headphones,Electronics,3,,2025-06-02
191,C068,Chair,Furniture,2,5000.0,09/20/2025
769,C150,Webcam,Electronics,3,4000.0,2025-05-30
628,C153,Desk,Furniture,1,9000.0,2025-08-28
718,,Mouse,Electronics,3,1000.0,2025-10-20
380,C053,Sofa,Furniture,4,,2025-11-05
247,C091,Monitor,Electronics,3,16000.0,2025-10-22
524,C089,Desk,Furniture,5,8500.0,04/17/2025
453,C099,Webcam,Elec,4,4000.0,2025-11-26
368,,Desk,Furniture,5,,2025-05-07
136,C032,Webcam,Electronics,3,4000.0,2025-10-25
153,C113,Sofa,Furniture,2,26000.0,2025-08-04
660,C078,Laptop,Electronics,1,70500.0,02/15/2025
224,C101,Desk,Furniture,2,8500.0,2025-09-17
574,C002,Chair,Furniture,5,5000.0,2025-04-05
585,C076,Phone,Electronics,4,31000.0,2025-10-17
106,C101,Keyboard,Electronics,5,2000.0,2025-07-15
385,C173,Headphones,furnitur,3,3000.0,2025-09-10
644,C025,Mouse,Electronics,4,1000.0,2025-10-15
354,C001,Sofa,Furniture,5,26000.0,2025-05-20
670,C078,Chair,Furniture,1,5000.0,2025-06-26
554,C086,Mouse,Electronics,5,1000.0,2025-08-14
680,C163,Keyboard,Electronics,4,,2025-11-25
294,C148,Table,Furniture,1,12500.0,2025-09-22
242,C130,Desk,Furniture,1,9000.0,2025-08-30
358,C058,Chair,Furniture,3,5000.0,2025-04-03
512,C004,Headphones,Electronics,1,3000.0,08/30/2025
400,C114,Chair,Furniture,5,716396.0,2025-01-24
419,C185,Table,Furniture,5,12000.0,2025-11-13
458,,Table,Furniture,1,12500.0,2025-06-06
518,C016,Sofa,Electronics ,4,24500.0,2025-04-26
460,C197,Laptop,Electronics,2,71000.0,2025-12-07
420,C080,Sofa,Electronics ,4,25500.0,2025-04-22
288,C186,Table,Furniture,3,11500.0,2025-03-16
517,C070,Laptop,Electronics,2,71000.0,2025-07-04
523,C134,Monitor,Electronics,5,16000.0,2025-08-31
431,C197,Table,Furniture,5,12000.0,2025-09-10
490,C185,Webcam,Electronics,1,,2025-12-01
757,C136,Keyboard,Electronics,4,2000.0,2025-01-22
292,C138,Chair,Furniture,5,5000.0,2025-10-06
647,C072,Laptop,Electronics,1,69500.0,03/17/2025
102,C021,Webcam,Electronics,1,4000.0,2025-02-16
798,C078,Headphones,Electronics,1,3000.0,2025-09-23
187,C167,Sofa,Furniture,1,24500.0,2025-08-30
735,C179,Sofa,Furniture,1,24500.0,2025-07-13
483,C080,Laptop,Electronics,2,71000.0,2025-03-23
591,C052,Chair,Furniture,3,5000.0,2025-12-16
467,C179,Phone,Electronics,4,30000.0,2025-11-19
251,C191,Monitor,Electronics,5,14500.0,2025-12-16
549,C019,Headphones,Electronics,-2,3000.0,2025-05-17
219,C179,Webcam,Electronics,2,4000.0,03/08/2025
411,C104,Sofa,Furniture,3,25500.0,2025-01-19
435,C183,Webcam, electronics,2,4000.0,2025-10-11
476,C106,Desk,Furniture,5,715383.0,2025-11-02
622,C126,Phone,Electronics,3,30500.0,2025-05-03
451,C017,Phone,Electronics ,2,29500.0,2025-06-18
636,C198,Desk,furnitur,3,7500.0,2025-10-15
101,C174,Chair,Furniture,1,5000.0,2025-10-09
117,C149,Monitor,Electronics,5,16000.0,2025-02-17
147,C153,Table,Furniture,3,12000.0,2025-03-25
632,C063,Monitor,Electronics,1,16000.0,2025-03-31
765,C125,Phone,Electronics,5,30000.0,2025-07-23
176,C090,Headphones,Electronics,3,3000.0,04/12/2025
758,C039,Monitor,Electronics,2,16000.0,2025-06-21
193,C087,Webcam,Electronics,4,4000.0,2025-09-05
625,C009,Desk,Furniture,1,8000.0,2025-04-06
440,C200,Mouse,Electronics,4,1000.0,2025-10-12
287,C015,Table,Furniture,5,11500.0,2025-01-03
220,C077,Desk,Furniture,5,7500.0,2025-08-21
252,C171,Monitor,Electronics,3,14500.0,2025-07-10
379,C089,Phone,Electronics,5,29500.0,2025-07-05
509,C036,Keyboard,Electronics,2,2000.0,2025-05-21
158,C193,Laptop,Electronics,2,70500.0,2025-03-20
682,C135,Desk,Furniture,4,9000.0,2025-08-08
158,C193,Laptop,Electronics,2,70500.0,2025-03-20
394,C150,Monitor, Furniture ,5,16000.0,2025-02-12
259,C186,Webcam,Electronics,5,4000.0,05/21/2025
709,C062,Headphones,Electronics,2,3000.0,2025-09-05
629,C054,Sofa,Furniture,3,25500.0,2025-02-13
347,C066,Headphones,Electronics,1,3000.0,2025-09-13
134,C135,Table,Furniture,3,11500.0,2025-02-15
781,C182,Headphones,Electronics,1,3000.0,2025-03-20
560,C093,Mouse,Electronics,1,1000.0,2025-06-04
238,C120,Keyboard,Electronics,2,2000.0,2025-08-06
787,C062,Webcam,Electronics,5,4000.0,2025-05-30
385,C173,Headphones,furnitur,3,3000.0,2025-09-10
565,C002,Phone,Electronics,5,30000.0,2025-01-15
253,C017,Phone,Electronics,4,30000.0,2025-04-11
345,C047,Table,Furniture,1,11500.0,2025-05-30
322,C092,Monitor,Electronics,4,14500.0,2025-03-08
637,C036,Chair,Furniture,2,5000.0,2025-06-11
466,C104,Table,Furniture,5,13000.0,2025-02-16
578,C005,Table,Furniture,4,13000.0,2025-06-15
696,C110,Keyboard, electronics,2,,2025-11-08
532,C092,Desk,Furniture,1,8000.0,2025-12-27
127,C115,Table,Furniture,2,12500.0,2025-09-09
342,C081,Headphones,Electronics,2,3000.0,2025-09-20
185,C071,Sofa,Furniture,2,,2025-12-15
609,C182,Keyboard,Electronics,3,2000.0,2025-08-12
391,C100,Table,Furniture,5,571730.0,2025-04-09
531,C056,Table,Furniture,2,13000.0,2025-04-02
668,C167,Chair,Furniture,1,5000.0,2025-11-07
708,C097,Mouse,Electronics,3,1000.0,03/08/2025
533,,Table,Furniture,3,13000.0,2025-04-11
372,C191,Sofa,Electronics ,1,25000.0,2025-07-28
356,C029,Table,Furniture,3,11500.0,04/12/2025
645,C184,Chair,Furniture,5,5000.0,2025-05-08
788,,Monitor,Electronics,3,15500.0,2025-05-16
246,C016,Chair,Furniture,4,5000.0,2025-07-31
697,C099,Phone,Electronics,1,,2025-09-25
178,C002,Sofa,Furniture,4,25500.0,2025-03-04
461,C013,Webcam,Electronics,-4,4000.0,2025-08-07
703,C164,Laptop,Electronics,1,70000.0,2025-09-28
635,C104,Chair,Furniture,4,5000.0,2025-04-21
448,C165,Table,Furniture,3,13000.0,2025-01-23
265,C043,Phone,Electronics,2,29500.0,2025-08-12
785,C029,Chair,Furniture,5,5000.0,2025-11-01
772,C110,Desk,Furniture,3,9000.0,06/10/2025
528,C096,Chair,Furniture,3,5000.0,2025-07-04
357,C049,Sofa,Furniture,2,24500.0,2025-08-03
640,C066,Chair,Furniture,5,5000.0,2025-01-28
210,C040,Sofa,Furniture,2,26000.0,2025-08-25
743,C165,Phone,Electronics,1,,2025-09-19
201,C117,Desk,Furniture,-5,,2025-06-22
725,C044,Headphones,Electronics,2,3000.0,2025-04-08
146,C174,Phone,Electronics,3,30000.0,2025-12-26
649,C033,Headphones,Electronics,2,3000.0,2025-11-03
463,C050,Laptop,Electronics,2,71000.0,2025-09-07
664,C174,Table,Furniture,2,13000.0,03/31/2025
602,C176,Monitor,Electronics,5,15500.0,2025-06-25
729,C081,Mouse,Electronics,5,1000.0,2025-01-19
194,C006,Sofa, Furniture ,4,25500.0,01/22/2025
610,C155,Monitor,Electronics,2,14500.0,2025-06-02
771,C100,Table,Elec,5,12000.0,2025-10-17
426,,Phone,Electronics,3,31000.0,04/02/2025
231,C045,Chair,Furniture,1,5000.0,2025-03-16
462,C130,Keyboard,Electronics,5,2000.0,03/07/2025
761,C161,Sofa,Furniture,4,24500.0,2025-06-22
200,C162,Table,Furniture,3,13000.0,2025-04-11
232,C163,Phone,Electronics,3,29500.0,2025-10-07
693,C049,Chair,Furniture,2,5000.0,2025-06-11
181,C024,Desk,Furniture,2,,2025-04-04
384,,Chair,Furniture,5,5000.0,2025-10-04
658,C134,Phone,Electronics,1,30000.0,02/08/2025
438,C138,Headphones,Electronics,5,3000.0,2025-04-17
339,C092,Headphones,Electronics,1,3000.0,2025-02-06
455,C134,Monitor,Electronics,1,14500.0,2025-09-29
141,C154,Table,Furniture,1,12500.0,2025-10-30
443,C090,Mouse,Electronics,3,1000.0,2025-01-15
555,C175,Sofa,Furniture,4,25000.0,2025-10-06
326,C112,Table,Furniture,5,11500.0,2025-03-02
674,C142,Desk,Furniture,4,8500.0,02/15/2025
150,C047,Phone,Electronics,5,30000.0,2025-08-31
746,C165,Desk,Furniture,5,,2025-11-30
445,C113,Chair,Furniture,2,5000.0,2025-04-24
705,C188,Chair,Furniture,4,5000.0,2025-11-24
254,C068,Headphones,Electronics,4,3000.0,2025-09-09
712,C181,Table,Furniture,3,12000.0,2025-07-16
249,C008,Monitor,Electronics,1,16000.0,2025-04-24
691,C028,Mouse, electronics,2,,2025-02-06
754,C179,Chair,Furniture,3,5000.0,05/07/2025
692,C084,Keyboard,Electronics,5,2000.0,05/29/2025
261,C005,Monitor,Electronics,5,15500.0,2025-06-23
414,C198,Table,Furniture,1,12000.0,03/21/2025
268,C163,Chair,Furniture,3,5000.0,2025-04-06
212,C094,Monitor,Electronics,3,14500.0,2025-12-26
459,C094,Keyboard,Electronics,3,2000.0,2025-12-25
750,C089,Laptop,Electronics,4,69500.0,2025-11-21
508,C064,Webcam,Electronics ,3,4000.0,2025-06-30
539,C126,Sofa,Furniture,3,25500.0,2025-06-22
245,C057,Sofa,Furniture,3,24500.0,2025-10-08
776,C058,Table,Furniture,3,12000.0,2025-03-02
128,C066,Headphones,Electronics,2,,04/28/2025
272,C094,Chair,Furniture,3,5000.0,08/01/2025
370,C125,Sofa,Furniture,3,25500.0,2025-02-07
132,C157,Mouse,Electronics,1,1000.0,2025-05-09
441,C061,Phone,Electronics,1,,2025-05-29
296,C057,Table,Furniture,5,11500.0,2025-08-11
317,C049,Phone,Electronics,5,29500.0,2025-01-25
152,C152,Chair,Furniture,1,,01/03/2025
313,C176,Sofa,Furniture,1,25000.0,2025-08-18
233,C147,Sofa,Furniture,3,24500.0,2025-06-26
248,C019,Mouse,Electronics,5,1000.0,2025-09-17
714,C122,Desk, electronics,3,8500.0,2025-07-09
